{"chris": [50000.0, {"TSLA": 29.634019854793305, "AAPL": 72.67970055963369, "AMZN": 4.647228857432313, "GOOG": 4.57402138812401}, 100000.0]}